{
  "events": [
    {
      "token": "eyJhbGciOiJIUzI1NiIsInR5cCI6IkpXVCJ9.IjE3MDU3ODYyNDQ1ODAwMDAwMDA5MTc0Ig.B0BfhUw7caIHU_HsZfdDcFlibRFc8S1xqlJPgyQhDzc",
      "turretPitch": 0.1396263401595464,
      "vehicleSpeed": 0,
      "vehicleRotationSpeed": 0,
      "gunPoint": {
        "y": 10.01761531829834,
        "x": -100.43284606933594,
        "z": 346.2354736328125
      },
      "hitReason": "terrain",
      "results": [],
      "shellDamage": 110,
      "gunTag": "_76mm_S-54_MapsTraining_Player_MT_1",
      "turretDescr": 16899,
      "tankTag": "ussr:R04_T-34_MapsTraining_Player_MT_1",
      "hitTurretYaw": null,
      "vehicleDescr": 28673,
      "tankType": "MT",
      "serverShotDispersion": 0.0252911988645792,
      "turretSpeed": 0.004746554862352045,
      "playerName": "Renou",
      "serverName": "RU1",
      "shellDescr": 24074,
      "ping": 0.21585185527801515,
      "gravity": 6.27839994430542,
      "hitVehicleDescr": null,
      "eventName": "OnShot",
      "playerClan": "",
      "serverMarkerPoint": {
        "y": 7.958174705505371,
        "x": -92.72339630126953,
        "z": 333.2227478027344
      },
      "hitSegment": null,
      "autoAim": false,
      "shellMaxDistance": 720,
      "gunDispersion": 0.41141762947120664,
      "battleTime": 22.158444453321863,
      "fps": 60,
      "clientShotDispersion": 0.019355053715633543,
      "hitGunDescr": null,
      "team": 1,
      "gameVersion": "ru_1.23.0_2",
      "modVersion": "1.0.0.1-a.2",
      "hitTurretPitch": null,
      "gunDescr": 13060,
      "hitPoint": {
        "y": 7.957888603210449,
        "x": -92.73118591308594,
        "z": 333.1571044921875
      },
      "tracerVel": {
        "y": -90.28193664550781,
        "x": 327.4300231933594,
        "z": -557.4823608398438
      },
      "shotId": 249090279,
      "tracerStart": {
        "y": 10.084799766540527,
        "x": -100.4182357788086,
        "z": 346.24505615234375
      },
      "accountDBID": 11527830,
      "shellSpeed": 816,
      "shellCaliber": 76,
      "arenaTag": "spaces/07_lakeville",
      "battleGameplay": "maps_training",
      "battleMode": "MAPS_TRAINING",
      "chassisDescr": 20994,
      "localtime": "2024-01-21T00:29:59.431000",
      "region": "RU",
      "tankLevel": 5,
      "battleDispersion": 0.0031999890058756002,
      "clientMarkerPoint": {
        "y": 7.958166122436523,
        "x": -92.72518157958984,
        "z": 333.2225036621094
      },
      "serverAim": true,
      "shellPiercingPower": 120,
      "turretYaw": 1.0983302441261191,
      "hitChassisDescr": null,
      "shellTag": "ARMOR_PIERCING",
      "shellName": "_76mm_UBR-354MA_MapsTraining_Player_MT_1",
      "tracerEnd": {
        "y": 8.050928115844727,
        "x": -92.71800994873047,
        "z": 333.16143798828125
      },
      "hitTurretDescr": null
    }
  ]
}