{
  "events": [
    {
      "token": "eyJhbGciOiJIUzI1NiIsInR5cCI6IkpXVCJ9.eyJpZCI6IjE3MTAwMjc3OTU3OTIwMDAwMDcxNDkwIiwiaWF0IjoxNzEwMDI3Nzk1LCJleHAiOjE3MTAwMzEzOTV9.-mUg3S9XVTC4EhTkN2q9q0vSy1GbDgX1JV7JsUoMKdU",
      "turretPitch": 0.048204331721748206,
      "vehicleSpeed": 18.88659496307373,
      "vehicleRotationSpeed": -1.6846226163276863,
      "gunPoint": {"y": 5.061259746551514, "x": -261.1197509765625, "z": 96.72174835205078},
      "hitReason": "terrain",
      "results": [],
      "shellDamage": 54.0,
      "gunTag": "_45mm_20KL",
      "turretDescr": 16387,
      "tankTag": "ussr:R56_T-127",
      "hitTurretYaw": null,
      "vehicleDescr": 53505,
      "tankType": "LT",
      "serverShotDispersion": 0.024485286325216293,
      "turretSpeed": 3.716721470817114,
      "playerName": "Renou",
      "serverName": "RU4",
      "shellDescr": 3338,
      "ping": 0.14376040995121003,
      "gravity": 6.27839994430542,
      "hitVehicleDescr": null,
      "eventName": "OnShot",
      "playerClan": "",
      "serverMarkerPoint": {"y": 4.333335876464844, "x": -270.2466735839844, "z": 73.48056030273438},
      "hitSegment": null,
      "autoAim": true,
      "shellMaxDistance": 720.0,
      "gunDispersion": 4.702021264837896,
      "battleTime": 156.7993119329767,
      "fps": 95,
      "clientShotDispersion": 0.01908099188906692,
      "hitGunDescr": null,
      "team": 2,
      "gameVersion": "ru_1.23.0_2",
      "hitTurretPitch": null,
      "gunDescr": 18436,
      "hitPoint": {"y": 4.392183303833008, "x": -270.30804443359375, "z": 73.3731689453125},
      "tracerVel": {"y": -15.418354034423828, "x": -225.67971801757812, "z": -561.76708984375},
      "shotId": 88631828,
      "tracerStart": {"y": 5.053220748901367, "x": -260.8254699707031, "z": 96.9774398803711},
      "shellSpeed": 757.0,
      "shellCaliber": 45.0,
      "arenaTag": "spaces/08_ruinberg",
      "battleGameplay": "ctf",
      "battleMode": "REGULAR",
      "chassisDescr": 20482,
      "localtime": "2024-01-18T05:23:17.298000",
      "region": "RU",
      "tankLevel": 3,
      "battleDispersion": 0.004342829700837466,
      "clientMarkerPoint": {"y": 4.332054615020752, "x": -270.28533935546875, "z": 73.49565124511719},
      "serverAim": true,
      "shellPiercingPower": 44,
      "turretYaw": -0.32520392703175593,
      "hitChassisDescr": null,
      "shellTag": "ARMOR_PIERCING",
      "shellName": "_45mm_UBR-240A",
      "tracerEnd": {"y": 4.392443656921387, "x": -270.3043212890625, "z": 73.3824462890625},
      "hitTurretDescr": null,
      "accountDBID": 11527830,
      "damageRandomization": 0.25,
      "health": 123,
      "modVersion": "1.0.0.0"
    }
  ]
}
