{
  "events": [
    {
      "turretPitch": 0.0360147305967084,
      "vehicleSpeed": 0.007743244059383869,
      "gameVersion": "ru_1.23.0_2",
      "gunPoint": {"y": 14.538695335388184, "x": -249.41908264160156, "z": 162.9580841064453},
      "hitReason": "tank",
      "results": [
        {
          "shotDamage": 109,
          "flags": 1048592,
          "tankTag": "germany:G90_DW_II_MapsTraining_Dummy_HT_1",
          "shotHealth": 141,
          "ammoBayDestroyed": false,
          "fireHealth": null,
          "order": 0,
          "fireDamage": 0
        }
      ],
      "shellDamage": 110,
      "gunTag": "_76mm_S-54_MapsTraining_Player_MT_1",
      "turretDescr": 16899,
      "tankTag": "ussr:R04_T-34_MapsTraining_Player_MT_1",
      "hitTurretYaw": -0.4233786974564371,
      "vehicleDescr": 28673,
      "tankType": "MT",
      "serverShotDispersion": 0.003974902909249067,
      "turretSpeed": 0.000013708231614281355,
      "playerName": "Renou",
      "serverName": "RU1",
      "shellDescr": 24074,
      "ping": 0.1149397611618042,
      "gravity": 6.27839994430542,
      "hitVehicleDescr": 28177,
      "eventName": "OnShot",
      "playerClan": "",
      "serverMarkerPoint": {"y": 12.53625774383545, "x": -272.3066711425781, "z": 100.77628326416016},
      "hitSegment": "13685768461910212868",
      "autoAim": false,
      "shellMaxDistance": 720,
      "gunDispersion": 1.4834732235796257,
      "battleTime": 78.29032189870486,
      "fps": 60,
      "clientShotDispersion": 0.003954916084148744,
      "hitGunDescr": 8212,
      "team": 1,
      "hitTurretPitch": 0.07479982508547123,
      "gunDescr": 13060,
      "hitPoint": {"y": 12.654438018798828, "x": -272.3609924316406, "z": 100.78524780273438},
      "tracerVel": {"y": -18.820566177368164, "x": -226.02430725097656, "z": -612.1328125},
      "shotId": 154184634,
      "tracerStart": {"y": 14.597972869873047, "x": -249.40338134765625, "z": 162.9461212158203},
      "shellSpeed": 816,
      "shellCaliber": 76,
      "arenaTag": "spaces/07_lakeville",
      "battleGameplay": "maps_training",
      "battleMode": "MAPS_TRAINING",
      "chassisDescr": 20994,
      "localtime": "2024-01-18T00:11:51.608000",
      "region": "RU",
      "tankLevel": 5,
      "battleDispersion": 0.0031999890058756002,
      "clientMarkerPoint": {"y": 12.537454605102539, "x": -272.3127136230469, "z": 100.78179168701172},
      "serverAim": true,
      "token": "eyJhbGciOiJIUzI1NiJ9.MTcwNTUyNTg1MDIyNTAwMDAwNDQ1MjM.mVX9Ky7hsJLcobmbaXuBm_8Eoy7hfTpIizIRLuFTCg0",
      "shellPiercingPower": 120,
      "turretYaw": 0.4847379289718625,
      "hitChassisDescr": 11794,
      "shellTag": "ARMOR_PIERCING",
      "shellName": "_76mm_UBR-354MA_MapsTraining_Player_MT_1",
      "tracerEnd": {"y": 12.676173210144043, "x": -272.3388366699219, "z": 100.78528594970703},
      "hitTurretDescr": 9235
    },
    {
      "turretPitch": 0.09253015399462,
      "vehicleSpeed": 4.1497773170471195,
      "gameVersion": "ru_1.23.0_2",
      "gunPoint": {"y": 9.998834609985352, "x": -99.93960571289062, "z": 345.86602783203125},
      "hitReason": "terrain",
      "results": [],
      "shellDamage": 110,
      "gunTag": "_76mm_S-54_MapsTraining_Player_MT_1",
      "turretDescr": 16899,
      "tankTag": "ussr:R04_T-34_MapsTraining_Player_MT_1",
      "hitTurretYaw": null,
      "vehicleDescr": 28673,
      "tankType": "MT",
      "serverShotDispersion": 0.03873429447412491,
      "turretSpeed": 0.5979162245615975,
      "playerName": "Renou",
      "serverName": "RU1",
      "shellDescr": 24074,
      "ping": 0.13386226892471315,
      "gravity": 6.27839994430542,
      "hitVehicleDescr": null,
      "eventName": "OnShot",
      "playerClan": "",
      "serverMarkerPoint": {"y": 7.9489617347717285, "x": -94.90315246582031, "z": 324.05963134765625},
      "hitSegment": null,
      "autoAim": false,
      "shellMaxDistance": 720,
      "gunDispersion": 1.3745938124977202,
      "battleTime": 41.530276580306236,
      "fps": 60,
      "clientShotDispersion": 0.03684816519973882,
      "hitGunDescr": null,
      "team": 1,
      "hitTurretPitch": null,
      "gunDescr": 13060,
      "hitPoint": {"y": 7.958022117614746, "x": -94.17857360839844, "z": 320.6893310546875},
      "tracerVel": {"y": -52.904205322265625, "x": 150.2215118408203, "z": -633.0738525390625},
      "shotId": 154115002,
      "tracerStart": {"y": 10.074310302734375, "x": -100.15232849121094, "z": 345.8643493652344},
      "shellSpeed": 816,
      "shellCaliber": 76,
      "arenaTag": "spaces/07_lakeville",
      "battleGameplay": "maps_training",
      "battleMode": "MAPS_TRAINING",
      "chassisDescr": 20994,
      "localtime": "2024-01-18T00:06:59.723000",
      "region": "RU",
      "tankLevel": 5,
      "battleDispersion": 0.0031999890058756002,
      "clientMarkerPoint": {"y": 7.94193172454834, "x": -93.23491668701172, "z": 324.6803894042969},
      "serverAim": true,
      "token": "eyJhbGciOiJIUzI1NiJ9.MTcwNTUyNTg1MDIyNTAwMDAwNDQ1MjM.mVX9Ky7hsJLcobmbaXuBm_8Eoy7hfTpIizIRLuFTCg0",
      "shellPiercingPower": 120,
      "turretYaw": 0.9203884727313847,
      "hitChassisDescr": null,
      "shellTag": "ARMOR_PIERCING",
      "shellName": "_76mm_UBR-354MA_MapsTraining_Player_MT_1",
      "tracerEnd": {"y": 7.95866060256958, "x": -94.18001556396484, "z": 320.69921875},
      "hitTurretDescr": null
    }
  ]
}
